{"cameraMode":{"drawMode":0,"name":"Shaded","section":"Shading Mode"},"sceneLighting":true,"audioPlay":false,"sceneViewState":{"m_AlwaysRefresh":false,"showFog":true,"showSkybox":true,"showFlares":true,"showImageEffects":true,"showParticleSystems":true,"showVisualEffectGraphs":true,"m_FxEnabled":true},"in2DMode":false,"pivot":{"x":-7.602872371673584,"y":1.5497413873672486,"z":-27.264297485351564},"rotation":{"x":0.036744337528944018,"y":0.7737903594970703,"z":0.045086584985256198,"w":-0.6308648586273193},"size":4.852146625518799,"orthographic":false}